date,issue_number,headline,section,type,author,text_excerpt
1916-08-05,1609,Edición No. 1609 - 5 de agosto de 1916,Artículo principal,artículo,,"Edición No. 1609 - 5 de agosto de 1916
Chiclayo, Perú"
1916-08-05,1609,"En ninguna otra sección de la República, excepción hecha del Lima, se ha cultivado más",Artículo principal,artículo,,"En ninguna otra sección de la República, excepción hecha del Lima, se ha cultivado más
la afición al periodismo, que en la nuestra. Creemos no exagerar ni darnos de excesivamente
vanidosos al proclamar esta verdad sobre este particular, que no somos los primeros en declarar."
1916-08-05,1609,--------------------------------------------------,Artículo principal,artículo,,"--------------------------------------------------
Han existido numerosos periódicos que guiaron la opinión pública en Chiclayo, entre ellos:
'El Ferrocarril', 'A cierta', 'El Pueblo', 'El Siglo XX', 'La Prensa Libre',
'El Tiempo', 'La Voz del Pueblo', 'La Labra', 'El Zurriaga' y otros."
1916-08-05,1609,--------------------------------------------------,Artículo principal,artículo,,"--------------------------------------------------
En Monsefú se han editado: 'El Progreso' (fundado por el señor Carmona), 'El Centinela',
'La Alianza', 'El Mensajero', 'El Independiente', 'El Heraldo', 'El Lábaro',
'El Pensamiento', 'La Voz del Pueblo', 'La Labor', 'La Juventud' y 'El Liberal'."
1916-08-05,1609,--------------------------------------------------,Artículo principal,artículo,,"--------------------------------------------------
Entre los pueblos de la vecina Provincia solo Ferreñafe ha tenido prensa departamental
con su 'Damián' fundado y dirigido por el señor Nicanor M. Carmona."
1916-08-05,1609,--------------------------------------------------,Artículo principal,artículo,,"--------------------------------------------------
En Chiclayo, el primer periódico que se publicó fue 'El Chiclayano', por el señor
José Manuel Soto, apareciendo posteriormente 'El Comercial', 'El Continente',
'El Progreso', 'El Norte', 'El Republicano', 'La Verdad', 'El Comercio', 'La Provincia'."
1916-08-05,1609,--------------------------------------------------,Artículo principal,artículo,,"--------------------------------------------------
La vida actual del periodismo es de esfuerzos y de constante lucha. Un periódico no se
sostiene si no impone sacrificios de todo género, especialmente económicos, al fin se
tendrá que imponer la publicidad para venir de los pueblos con respeto a la"
1916-08-05,1609,de las afamadas máquinas Singer Sewing Machine,Anuncios,anuncio,,de las afamadas máquinas Singer Sewing Machine
1916-08-05,1609,"Dirección: Calle Verónica 18, Chiclayo",Artículo principal,artículo,,"Dirección: Calle Verónica 18, Chiclayo
Fundado: 8 de febrero de 1903
Precio: 4 centavos por número"
